aeropuerto,total_vuelos,pct_demorados
SCL,382,35.86
GIG,414,29.23
MEX,418,29.19
MVD,511,27.2
AEP,562,30.43
CCS,572,29.9
JFK,611,35.02
BGA,617,29.82
CLO,624,32.69
BAQ,673,31.65
CTG,694,32.42
MIA,712,33.99
PEI,717,31.94
UIO,809,33.13
LIM,816,33.58
PTY,2592,31.21
GRU,2958,30.8
MDE,2975,32.71
BOG,3764,31.72
EZE,4328,32.53
